tweet_id,time,tweet,retweet_count
1,2025-10-04 14:16:38,UPA shows great development in recent times.,2129
2,2025-11-02 19:00:38,Citizens talk about NDA during poll season.,1510
3,2025-10-14 14:57:38,TMC shows great development in recent times.,1785
4,2025-10-31 19:02:38,People criticize Rahul for violence issues.,1273
5,2025-10-12 08:31:38,BJP shows great stability in recent times.,248
6,2025-11-02 02:32:38,People criticize Rahul for protest issues.,1078
7,2025-10-03 00:15:38,Congress shows great support in recent times.,158
8,2025-10-22 21:42:38,Rahul shows great trust in recent times.,690
9,2025-10-13 04:13:38,People criticize KCR for blame issues.,4713
10,2025-10-15 16:06:38,Rahul shows great leadership in recent times.,1437
11,2025-10-13 10:34:38,Citizens talk about Kejriwal during meeting season.,4599
12,2025-10-14 03:16:38,Citizens talk about Congress during election season.,4304
13,2025-10-28 21:59:38,People criticize TMC for scandal issues.,4248
14,2025-10-25 08:05:38,NDA shows great vision in recent times.,3318
15,2025-10-12 03:50:38,Citizens talk about AAP during campaign season.,4249
16,2025-10-22 23:39:38,People criticize Modi for criticism issues.,4190
17,2025-10-09 21:18:38,People criticize Kejriwal for inflation issues.,4607
18,2025-10-10 11:07:38,People criticize AIADMK for blame issues.,114
19,2025-10-10 02:39:38,Citizens talk about AAP during rally season.,3149
20,2025-10-21 23:45:38,Modi shows great trust in recent times.,2359
21,2025-10-02 12:18:38,People criticize KCR for failure issues.,3137
22,2025-10-20 15:08:38,Modi shows great development in recent times.,4840
23,2025-10-23 20:52:38,Mamata shows great stability in recent times.,3581
24,2025-10-08 15:15:38,Citizens talk about KCR during campaign season.,5
25,2025-10-04 23:31:38,UPA shows great growth in recent times.,1270
26,2025-10-10 11:27:38,Congress shows great support in recent times.,322
27,2025-10-31 07:08:38,People criticize TMC for corruption issues.,2302
28,2025-10-07 15:32:38,People criticize BJP for unemployment issues.,375
29,2025-10-28 22:52:38,People criticize DMK for fraud issues.,3553
30,2025-10-25 08:52:38,People criticize Mamata for corruption issues.,4491
31,2025-10-23 01:01:38,People criticize BJP for protest issues.,2178
32,2025-10-23 20:33:38,BRS shows great success in recent times.,1071
33,2025-10-06 18:00:38,People criticize Mamata for inflation issues.,1504
34,2025-10-17 11:34:38,UPA shows great vision in recent times.,3830
35,2025-10-16 22:46:38,Modi shows great progress in recent times.,4440
36,2025-11-02 19:48:38,Citizens talk about Rahul during vote season.,844
37,2025-10-22 21:04:38,People criticize UPA for corruption issues.,2401
38,2025-10-06 17:59:38,People criticize AIADMK for corruption issues.,2656
39,2025-10-01 20:57:38,Citizens talk about TMC during poll season.,1897
40,2025-10-27 07:54:38,People criticize NDA for unemployment issues.,2714
41,2025-11-02 16:51:38,Citizens talk about BJP during rally season.,283
42,2025-10-25 00:37:38,AAP shows great development in recent times.,3657
43,2025-10-31 06:44:38,Citizens talk about AIADMK during speech season.,1967
44,2025-11-02 10:09:38,Citizens talk about DMK during speech season.,1737
45,2025-10-10 20:59:38,AAP shows great trust in recent times.,4083
46,2025-10-15 14:38:38,Citizens talk about KCR during discussion season.,3952
47,2025-10-08 06:46:38,People criticize Kejriwal for unemployment issues.,1470
48,2025-10-27 14:32:38,Stalin shows great progress in recent times.,2995
49,2025-10-28 10:21:38,People criticize NDA for criticism issues.,1446
50,2025-10-12 02:39:38,People criticize Kejriwal for corruption issues.,4299
51,2025-10-04 14:07:38,People criticize AAP for violence issues.,897
52,2025-10-09 18:44:38,BRS shows great success in recent times.,4561
53,2025-10-21 23:30:38,Citizens talk about Stalin during party season.,1865
54,2025-10-25 19:42:38,Citizens talk about Kejriwal during rally season.,1549
55,2025-10-12 04:37:38,AIADMK shows great vision in recent times.,1726
56,2025-10-12 16:19:38,People criticize BRS for unemployment issues.,4217
57,2025-11-01 15:30:38,People criticize AIADMK for violence issues.,2572
58,2025-10-30 19:56:38,People criticize AIADMK for blame issues.,4255
59,2025-10-25 19:36:38,People criticize AIADMK for violence issues.,3373
60,2025-10-06 19:18:38,Stalin shows great trust in recent times.,3585
61,2025-10-21 20:54:38,NDA shows great vision in recent times.,4328
62,2025-09-29 22:06:38,KCR shows great support in recent times.,226
63,2025-10-12 08:10:38,Citizens talk about AAP during manifesto season.,3820
64,2025-10-20 02:03:38,Citizens talk about BJP during rally season.,3472
65,2025-10-15 12:15:38,People criticize Rahul for scandal issues.,3453
66,2025-10-12 11:26:38,Citizens talk about UPA during rally season.,2496
67,2025-10-09 19:50:38,People criticize Kejriwal for violence issues.,755
68,2025-09-29 21:32:38,NDA shows great support in recent times.,4707
69,2025-10-01 16:17:38,TMC shows great progress in recent times.,3500
70,2025-10-16 15:05:38,People criticize AIADMK for unemployment issues.,3179
71,2025-10-07 03:46:38,Citizens talk about KCR during vote season.,4153
72,2025-10-22 11:54:38,Citizens talk about Kejriwal during vote season.,144
73,2025-10-16 06:46:38,Mamata shows great development in recent times.,1334
74,2025-10-13 06:43:38,People criticize AIADMK for unemployment issues.,145
75,2025-10-24 17:11:38,Citizens talk about BRS during party season.,1693
76,2025-11-01 16:43:38,Citizens talk about TMC during speech season.,122
77,2025-10-10 11:23:38,TMC shows great trust in recent times.,3704
78,2025-10-31 22:47:38,People criticize UPA for inflation issues.,2155
79,2025-10-26 10:13:38,Citizens talk about Kejriwal during rally season.,1525
80,2025-10-29 02:19:38,Citizens talk about DMK during election season.,4300
81,2025-10-07 16:30:38,Modi shows great stability in recent times.,4083
82,2025-10-01 13:32:38,Citizens talk about AAP during discussion season.,3146
83,2025-10-04 18:24:38,People criticize UPA for protest issues.,426
84,2025-10-31 22:50:38,Congress shows great stability in recent times.,1823
85,2025-10-31 16:23:38,Citizens talk about UPA during party season.,2893
86,2025-10-06 23:32:38,People criticize Rahul for inflation issues.,3476
87,2025-11-02 11:42:38,Citizens talk about Kejriwal during election season.,4039
88,2025-10-05 09:13:38,BRS shows great support in recent times.,3255
89,2025-10-02 03:49:38,People criticize Rahul for violence issues.,1220
90,2025-10-03 23:25:38,KCR shows great support in recent times.,1698
91,2025-10-21 14:18:38,People criticize Rahul for scandal issues.,1658
92,2025-10-02 18:02:38,Citizens talk about AAP during poll season.,3642
93,2025-10-09 15:59:38,People criticize Congress for blame issues.,2863
94,2025-10-04 17:56:38,Citizens talk about Congress during discussion season.,584
95,2025-10-25 06:17:38,Congress shows great support in recent times.,171
96,2025-10-02 09:44:38,Citizens talk about BRS during rally season.,1004
97,2025-10-14 13:31:38,People criticize TMC for blame issues.,1628
98,2025-10-15 16:07:38,Citizens talk about Stalin during election season.,4996
99,2025-10-07 11:07:38,DMK shows great progress in recent times.,2911
100,2025-10-23 23:12:38,People criticize Stalin for fraud issues.,900
101,2025-10-23 00:56:38,Citizens talk about Kejriwal during party season.,23
102,2025-10-22 10:59:38,Citizens talk about DMK during rally season.,704
103,2025-10-10 04:35:38,Citizens talk about Modi during discussion season.,2944
104,2025-10-15 20:26:38,Citizens talk about UPA during meeting season.,113
105,2025-10-24 05:42:38,Citizens talk about Rahul during election season.,381
106,2025-10-31 05:51:38,Congress shows great success in recent times.,3181
107,2025-10-31 11:05:38,People criticize AIADMK for failure issues.,4777
108,2025-10-02 05:44:38,DMK shows great unity in recent times.,2591
109,2025-10-14 00:48:38,Citizens talk about Mamata during discussion season.,2281
110,2025-10-08 07:47:38,People criticize Stalin for criticism issues.,2947
111,2025-10-22 22:23:38,Citizens talk about TMC during election season.,1499
112,2025-10-08 09:13:38,People criticize Kejriwal for blame issues.,2868
113,2025-11-02 16:25:38,Citizens talk about AIADMK during party season.,4974
114,2025-10-29 01:22:38,Citizens talk about Stalin during election season.,4928
115,2025-10-14 18:58:38,Modi shows great development in recent times.,3666
116,2025-10-24 10:31:38,People criticize Modi for criticism issues.,4048
117,2025-10-18 23:08:38,BJP shows great stability in recent times.,4882
118,2025-10-19 10:57:38,UPA shows great success in recent times.,803
119,2025-10-20 16:53:38,People criticize BRS for fraud issues.,3925
120,2025-10-20 17:48:38,Kejriwal shows great progress in recent times.,2455
121,2025-11-01 13:53:38,BRS shows great development in recent times.,1610
122,2025-10-05 05:52:38,People criticize Kejriwal for protest issues.,1043
123,2025-11-02 13:13:38,Kejriwal shows great development in recent times.,4086
124,2025-11-01 01:15:38,Citizens talk about AAP during meeting season.,1479
125,2025-10-16 15:00:38,Citizens talk about BRS during party season.,3116
126,2025-10-27 10:38:38,Rahul shows great trust in recent times.,4477
127,2025-10-10 15:38:38,BJP shows great development in recent times.,2680
128,2025-11-01 11:29:38,People criticize BRS for violence issues.,2560
129,2025-10-10 20:19:38,AIADMK shows great stability in recent times.,422
130,2025-10-29 09:25:38,People criticize BJP for blame issues.,3237
131,2025-10-04 05:48:38,Citizens talk about BRS during discussion season.,572
132,2025-10-22 04:40:38,People criticize NDA for failure issues.,392
133,2025-10-09 10:20:38,Citizens talk about AIADMK during vote season.,2305
134,2025-10-03 18:35:38,DMK shows great growth in recent times.,3884
135,2025-10-01 19:16:38,Citizens talk about AIADMK during vote season.,2522
136,2025-10-15 19:45:38,Citizens talk about Rahul during manifesto season.,4203
137,2025-11-02 02:09:38,People criticize BJP for fraud issues.,3439
138,2025-10-06 10:49:38,People criticize DMK for criticism issues.,1333
139,2025-10-12 19:33:38,People criticize BRS for protest issues.,1978
140,2025-10-30 06:54:38,Citizens talk about BRS during vote season.,3493
141,2025-10-20 05:44:38,Modi shows great leadership in recent times.,14
142,2025-10-17 09:41:38,Congress shows great stability in recent times.,2819
143,2025-09-30 07:55:38,Citizens talk about Modi during election season.,3209
144,2025-10-09 08:16:38,Citizens talk about Rahul during vote season.,3076
145,2025-10-16 20:55:38,Citizens talk about Mamata during speech season.,1317
146,2025-10-09 05:18:38,UPA shows great growth in recent times.,1366
147,2025-10-18 10:44:38,AAP shows great development in recent times.,1028
148,2025-10-08 19:57:38,TMC shows great trust in recent times.,3212
149,2025-10-04 17:43:38,Citizens talk about TMC during discussion season.,3837
150,2025-10-24 02:34:38,People criticize DMK for inflation issues.,1664
151,2025-10-17 13:15:38,KCR shows great growth in recent times.,85
152,2025-10-12 00:33:38,Citizens talk about TMC during meeting season.,1453
153,2025-10-03 04:36:38,NDA shows great stability in recent times.,2897
154,2025-10-09 00:24:38,Congress shows great trust in recent times.,608
155,2025-11-01 18:06:38,Citizens talk about Stalin during meeting season.,3927
156,2025-10-06 03:01:38,People criticize Mamata for unemployment issues.,3101
157,2025-10-09 06:54:38,NDA shows great leadership in recent times.,150
158,2025-10-26 02:24:38,AAP shows great stability in recent times.,1695
159,2025-10-16 14:44:38,KCR shows great support in recent times.,1895
160,2025-10-25 15:21:38,People criticize Modi for scandal issues.,1699
161,2025-10-30 07:22:38,Citizens talk about NDA during discussion season.,1249
162,2025-10-21 20:21:38,Citizens talk about BRS during poll season.,4180
163,2025-10-27 15:18:38,People criticize Kejriwal for criticism issues.,4966
164,2025-10-01 07:21:38,People criticize Modi for inflation issues.,2510
165,2025-10-08 15:10:38,People criticize KCR for scandal issues.,4096
166,2025-10-01 23:57:38,People criticize AAP for failure issues.,1151
167,2025-10-24 08:18:38,People criticize KCR for fraud issues.,3098
168,2025-10-16 00:55:38,People criticize UPA for corruption issues.,3538
169,2025-10-19 12:02:38,BRS shows great progress in recent times.,1762
170,2025-10-05 13:21:38,Rahul shows great leadership in recent times.,765
171,2025-10-23 06:32:38,Citizens talk about AIADMK during poll season.,3712
172,2025-10-31 15:56:38,Citizens talk about Congress during speech season.,4403
173,2025-10-31 05:12:38,Citizens talk about UPA during poll season.,830
174,2025-10-28 13:55:38,People criticize Stalin for failure issues.,1945
175,2025-10-20 01:52:38,TMC shows great progress in recent times.,666
176,2025-10-19 20:57:38,People criticize AAP for scandal issues.,4544
177,2025-10-24 23:03:38,Congress shows great vision in recent times.,2750
178,2025-10-26 10:51:38,Citizens talk about BRS during party season.,2709
179,2025-10-14 02:32:38,Citizens talk about Modi during party season.,3917
180,2025-10-11 06:20:38,Citizens talk about AAP during manifesto season.,2058
181,2025-10-17 07:18:38,Citizens talk about Modi during poll season.,2119
182,2025-10-11 15:02:38,Citizens talk about Kejriwal during party season.,610
183,2025-10-28 06:19:38,Citizens talk about Kejriwal during party season.,3194
184,2025-10-25 13:14:38,Kejriwal shows great leadership in recent times.,4519
185,2025-10-13 19:33:38,People criticize NDA for criticism issues.,1005
186,2025-10-31 20:11:38,Citizens talk about BJP during speech season.,1957
187,2025-10-04 21:03:38,People criticize BRS for blame issues.,2837
188,2025-10-16 05:00:38,Citizens talk about BRS during discussion season.,1407
189,2025-10-31 02:55:38,Citizens talk about Kejriwal during campaign season.,1294
190,2025-10-16 01:20:38,UPA shows great stability in recent times.,3114
191,2025-10-18 18:29:38,People criticize UPA for blame issues.,2413
192,2025-10-06 06:56:38,People criticize BJP for blame issues.,2972
193,2025-10-04 12:26:38,Citizens talk about BRS during manifesto season.,4036
194,2025-10-01 07:14:38,BRS shows great support in recent times.,22
195,2025-10-18 10:54:38,People criticize Rahul for unemployment issues.,4430
196,2025-10-19 10:45:38,People criticize UPA for criticism issues.,3552
197,2025-10-30 07:36:38,Citizens talk about KCR during party season.,63
198,2025-10-27 23:07:38,AAP shows great development in recent times.,987
199,2025-10-25 16:06:38,BRS shows great development in recent times.,3685
200,2025-10-09 04:59:38,Citizens talk about BJP during manifesto season.,967
201,2025-10-26 19:51:38,Congress shows great success in recent times.,1094
202,2025-10-04 18:48:38,Citizens talk about AIADMK during vote season.,431
203,2025-10-13 00:07:38,Rahul shows great success in recent times.,1295
204,2025-10-28 11:12:38,People criticize DMK for protest issues.,3734
205,2025-10-24 04:34:38,Citizens talk about UPA during speech season.,4001
206,2025-10-12 15:32:38,Citizens talk about Rahul during meeting season.,3136
207,2025-09-30 02:58:38,People criticize BJP for blame issues.,3608
208,2025-10-15 07:35:38,People criticize Mamata for blame issues.,2135
209,2025-10-19 11:21:38,Citizens talk about KCR during election season.,3920
210,2025-10-27 01:16:38,Kejriwal shows great success in recent times.,427
211,2025-10-29 12:26:38,Citizens talk about UPA during vote season.,1880
212,2025-10-28 11:59:38,Citizens talk about AIADMK during election season.,655
213,2025-10-27 08:46:38,People criticize AIADMK for blame issues.,795
214,2025-10-24 03:48:38,People criticize AIADMK for unemployment issues.,4698
215,2025-10-26 16:16:38,Citizens talk about Stalin during party season.,3298
216,2025-10-05 21:02:38,Citizens talk about Congress during speech season.,4218
217,2025-10-22 01:53:38,Citizens talk about BRS during poll season.,1668
218,2025-10-06 07:29:38,TMC shows great unity in recent times.,4505
219,2025-10-05 01:17:38,UPA shows great unity in recent times.,4891
220,2025-10-05 04:42:38,Citizens talk about Kejriwal during meeting season.,4814
221,2025-10-13 19:46:38,AAP shows great vision in recent times.,3113
222,2025-10-02 09:55:38,Citizens talk about Stalin during party season.,1990
223,2025-10-30 05:07:38,People criticize Modi for protest issues.,1133
224,2025-10-16 09:34:38,Citizens talk about Rahul during campaign season.,4705
225,2025-10-18 06:30:38,Citizens talk about AAP during discussion season.,1238
226,2025-10-18 20:14:38,DMK shows great support in recent times.,1838
227,2025-10-01 22:42:38,Citizens talk about AAP during meeting season.,2211
228,2025-10-08 17:32:38,Congress shows great leadership in recent times.,4896
229,2025-10-26 03:25:38,Kejriwal shows great development in recent times.,1365
230,2025-10-05 22:25:38,Citizens talk about Rahul during speech season.,2917
231,2025-10-13 21:10:38,Rahul shows great growth in recent times.,1549
232,2025-10-22 00:20:38,Modi shows great success in recent times.,4545
233,2025-10-28 00:03:38,People criticize UPA for scandal issues.,4894
234,2025-10-01 23:14:38,People criticize Stalin for violence issues.,3688
235,2025-10-01 13:51:38,Citizens talk about DMK during speech season.,1073
236,2025-10-07 08:23:38,Citizens talk about AIADMK during discussion season.,2961
237,2025-10-19 15:23:38,People criticize TMC for scandal issues.,556
238,2025-10-04 00:52:38,People criticize AIADMK for protest issues.,2915
239,2025-10-07 22:13:38,Citizens talk about NDA during speech season.,4592
240,2025-10-24 07:39:38,People criticize NDA for failure issues.,293
241,2025-10-04 20:22:38,NDA shows great unity in recent times.,4066
242,2025-10-20 03:08:38,Mamata shows great progress in recent times.,2766
243,2025-10-07 21:17:38,Congress shows great success in recent times.,3149
244,2025-10-15 07:14:38,DMK shows great stability in recent times.,4659
245,2025-11-01 17:12:38,People criticize AAP for failure issues.,2742
246,2025-10-11 07:28:38,People criticize Stalin for inflation issues.,4005
247,2025-10-19 14:54:38,Citizens talk about Congress during discussion season.,1411
248,2025-10-12 07:07:38,Citizens talk about DMK during vote season.,1676
249,2025-10-22 19:29:38,Citizens talk about Mamata during speech season.,3152
250,2025-10-19 14:57:38,People criticize AAP for criticism issues.,568
251,2025-10-09 19:10:38,People criticize TMC for failure issues.,1210
252,2025-11-01 13:45:38,Citizens talk about Modi during party season.,4370
253,2025-10-22 02:43:38,UPA shows great support in recent times.,615
254,2025-10-04 14:18:38,People criticize BRS for unemployment issues.,2205
255,2025-10-30 13:27:38,People criticize BRS for violence issues.,1669
256,2025-10-16 10:31:38,Citizens talk about Stalin during election season.,1927
257,2025-10-27 18:32:38,DMK shows great vision in recent times.,3675
258,2025-10-13 20:21:38,UPA shows great development in recent times.,1883
259,2025-10-11 10:39:38,People criticize DMK for scandal issues.,4810
260,2025-10-09 20:23:38,People criticize BJP for blame issues.,3319
261,2025-10-15 04:40:38,Citizens talk about Stalin during poll season.,2976
262,2025-10-24 09:24:38,People criticize UPA for corruption issues.,2139
263,2025-10-20 18:45:38,BRS shows great trust in recent times.,4961
264,2025-10-23 07:58:38,KCR shows great success in recent times.,3715
265,2025-10-23 08:01:38,TMC shows great support in recent times.,4348
266,2025-10-27 05:16:38,People criticize BJP for criticism issues.,2161
267,2025-10-04 15:14:38,Stalin shows great success in recent times.,4760
268,2025-10-02 10:28:38,People criticize NDA for protest issues.,86
269,2025-10-07 17:39:38,Citizens talk about Rahul during speech season.,866
270,2025-10-03 01:15:38,Stalin shows great stability in recent times.,1904
271,2025-11-01 10:02:38,People criticize KCR for violence issues.,3719
272,2025-10-16 09:10:38,Citizens talk about KCR during meeting season.,2323
273,2025-10-03 05:42:38,People criticize AIADMK for protest issues.,578
274,2025-10-18 11:03:38,Kejriwal shows great development in recent times.,4120
275,2025-10-24 06:59:38,Citizens talk about Kejriwal during poll season.,206
276,2025-10-31 01:47:38,Congress shows great development in recent times.,1182
277,2025-10-16 21:56:38,Stalin shows great stability in recent times.,567
278,2025-10-16 23:33:38,Citizens talk about Stalin during election season.,2292
279,2025-10-04 17:46:38,Citizens talk about DMK during meeting season.,954
280,2025-10-26 16:04:38,Citizens talk about Kejriwal during speech season.,2005
281,2025-10-14 14:09:38,DMK shows great vision in recent times.,1080
282,2025-10-25 19:37:38,Citizens talk about TMC during election season.,3066
283,2025-10-13 05:32:38,Citizens talk about UPA during discussion season.,4223
284,2025-10-09 11:38:38,Citizens talk about Mamata during vote season.,2688
285,2025-10-31 04:03:38,People criticize BRS for failure issues.,4962
286,2025-11-02 06:21:38,Citizens talk about TMC during meeting season.,3253
287,2025-10-11 12:26:38,People criticize KCR for failure issues.,3951
288,2025-11-02 12:55:38,Citizens talk about TMC during vote season.,2326
289,2025-10-07 07:47:38,BRS shows great leadership in recent times.,1776
290,2025-10-20 06:39:38,Congress shows great support in recent times.,779
291,2025-10-16 04:29:38,People criticize Stalin for violence issues.,4731
292,2025-10-04 20:00:38,People criticize Rahul for failure issues.,4286
293,2025-10-04 10:35:38,People criticize Rahul for criticism issues.,2533
294,2025-10-14 23:41:38,Citizens talk about NDA during discussion season.,2295
295,2025-10-08 09:29:38,People criticize Congress for violence issues.,1434
296,2025-10-18 18:42:38,Citizens talk about BRS during election season.,306
297,2025-10-10 01:18:38,People criticize DMK for fraud issues.,2790
298,2025-10-02 12:13:38,People criticize NDA for unemployment issues.,2995
299,2025-10-02 07:14:38,Citizens talk about BJP during party season.,2347
300,2025-10-13 08:40:38,AAP shows great stability in recent times.,2514
301,2025-10-05 13:08:38,TMC shows great development in recent times.,4131
302,2025-10-13 06:56:38,DMK shows great stability in recent times.,4040
303,2025-10-21 07:08:38,Mamata shows great support in recent times.,2102
304,2025-11-02 16:03:38,UPA shows great success in recent times.,2279
305,2025-10-11 08:27:38,DMK shows great success in recent times.,345
306,2025-10-01 02:56:38,People criticize UPA for protest issues.,3670
307,2025-11-02 22:12:38,Congress shows great stability in recent times.,2641
308,2025-09-30 11:08:38,People criticize KCR for inflation issues.,2052
309,2025-10-24 12:05:38,Mamata shows great leadership in recent times.,3298
310,2025-10-18 21:56:38,People criticize UPA for fraud issues.,2698
311,2025-10-02 20:35:38,Citizens talk about Modi during speech season.,3409
312,2025-10-05 20:07:38,BRS shows great success in recent times.,561
313,2025-10-18 11:01:38,People criticize NDA for scandal issues.,606
314,2025-10-17 13:23:38,Kejriwal shows great trust in recent times.,3198
315,2025-10-18 02:05:38,AAP shows great growth in recent times.,3073
316,2025-10-25 01:16:38,People criticize AAP for protest issues.,981
317,2025-10-13 11:36:38,Citizens talk about AAP during manifesto season.,1964
318,2025-10-21 06:13:38,TMC shows great growth in recent times.,3798
319,2025-10-23 21:36:38,AIADMK shows great progress in recent times.,488
320,2025-10-09 14:35:38,Citizens talk about BRS during party season.,2098
321,2025-10-16 22:40:38,People criticize AAP for unemployment issues.,403
322,2025-10-30 19:42:38,People criticize NDA for scandal issues.,3054
323,2025-10-25 03:41:38,UPA shows great stability in recent times.,3588
324,2025-10-21 15:29:38,NDA shows great leadership in recent times.,4549
325,2025-10-30 05:19:38,TMC shows great growth in recent times.,1076
326,2025-11-02 20:40:38,People criticize BJP for failure issues.,2503
327,2025-11-03 07:28:38,People criticize Congress for fraud issues.,1154
328,2025-10-23 09:06:38,People criticize Stalin for corruption issues.,2542
329,2025-10-31 11:05:38,People criticize Mamata for failure issues.,408
330,2025-10-04 14:11:38,People criticize BRS for unemployment issues.,3323
331,2025-10-18 22:00:38,Modi shows great trust in recent times.,3131
332,2025-10-11 04:38:38,Citizens talk about Rahul during campaign season.,2794
333,2025-10-11 17:15:38,People criticize Congress for unemployment issues.,828
334,2025-10-05 15:10:38,BJP shows great growth in recent times.,4062
335,2025-10-13 05:08:38,Citizens talk about BRS during election season.,2821
336,2025-10-21 18:05:38,Citizens talk about Mamata during election season.,2284
337,2025-10-31 01:45:38,Citizens talk about Kejriwal during manifesto season.,2042
338,2025-10-12 13:44:38,Citizens talk about Modi during manifesto season.,1159
339,2025-10-02 01:44:38,BJP shows great trust in recent times.,761
340,2025-10-20 08:38:38,NDA shows great unity in recent times.,2336
341,2025-10-29 05:43:38,BJP shows great success in recent times.,3791
342,2025-10-31 10:07:38,People criticize KCR for corruption issues.,2973
343,2025-09-30 04:11:38,People criticize TMC for protest issues.,320
344,2025-10-10 03:00:38,People criticize BJP for corruption issues.,2690
345,2025-10-04 02:33:38,Kejriwal shows great success in recent times.,2163
346,2025-11-03 12:51:38,DMK shows great growth in recent times.,3147
347,2025-10-11 23:45:38,Citizens talk about UPA during campaign season.,3349
348,2025-11-01 01:51:38,AAP shows great development in recent times.,4004
349,2025-10-28 07:22:38,People criticize Congress for violence issues.,4288
350,2025-10-04 20:54:38,People criticize BRS for criticism issues.,2254
351,2025-10-23 17:02:38,Citizens talk about Congress during manifesto season.,3447
352,2025-10-15 18:18:38,Citizens talk about Congress during discussion season.,3460
353,2025-10-15 15:31:38,Citizens talk about Modi during meeting season.,4976
354,2025-10-09 13:07:38,TMC shows great stability in recent times.,3269
355,2025-10-06 19:26:38,Citizens talk about KCR during vote season.,3866
356,2025-10-19 23:22:38,Stalin shows great unity in recent times.,1548
357,2025-10-27 04:18:38,People criticize DMK for blame issues.,3382
358,2025-10-26 12:57:38,KCR shows great leadership in recent times.,730
359,2025-10-24 16:30:38,KCR shows great growth in recent times.,2906
360,2025-10-04 06:20:38,BRS shows great trust in recent times.,4405
361,2025-10-11 16:20:38,People criticize Mamata for violence issues.,1758
362,2025-10-05 01:50:38,Citizens talk about Congress during party season.,1945
363,2025-10-21 00:53:38,Congress shows great development in recent times.,1559
364,2025-10-29 04:27:38,DMK shows great support in recent times.,1604
365,2025-10-15 02:44:38,People criticize TMC for blame issues.,2724
366,2025-10-10 12:45:38,People criticize Kejriwal for criticism issues.,2526
367,2025-10-29 20:03:38,Citizens talk about TMC during speech season.,247
368,2025-10-12 20:20:38,Citizens talk about BJP during election season.,95
369,2025-10-21 05:59:38,Citizens talk about BRS during poll season.,829
370,2025-11-01 13:35:38,Citizens talk about BJP during vote season.,2637
371,2025-10-21 17:07:38,People criticize AAP for violence issues.,3650
372,2025-10-28 19:01:38,Citizens talk about KCR during meeting season.,3891
373,2025-10-21 16:31:38,TMC shows great support in recent times.,2587
374,2025-10-12 18:58:38,Citizens talk about Mamata during vote season.,270
375,2025-10-11 20:48:38,Citizens talk about KCR during manifesto season.,1397
376,2025-10-14 15:58:38,Citizens talk about NDA during discussion season.,2407
377,2025-10-16 08:49:38,Citizens talk about AIADMK during meeting season.,3204
378,2025-10-10 23:43:38,Citizens talk about Congress during vote season.,3784
379,2025-10-30 21:39:38,TMC shows great development in recent times.,420
380,2025-10-24 02:56:38,People criticize Rahul for fraud issues.,2645
381,2025-10-16 14:14:38,People criticize NDA for unemployment issues.,3944
382,2025-11-01 23:27:38,Citizens talk about Mamata during discussion season.,3253
383,2025-10-06 20:44:38,Congress shows great support in recent times.,924
384,2025-10-30 12:16:38,Citizens talk about Rahul during party season.,2650
385,2025-10-05 08:22:38,AAP shows great support in recent times.,1054
386,2025-11-02 11:36:38,Citizens talk about BJP during manifesto season.,20
387,2025-10-06 22:30:38,Citizens talk about BJP during meeting season.,121
388,2025-10-18 02:09:38,People criticize Stalin for failure issues.,2369
389,2025-10-27 17:43:38,People criticize BRS for criticism issues.,513
390,2025-10-17 10:26:38,Citizens talk about AAP during discussion season.,3932
391,2025-10-14 18:01:38,Kejriwal shows great development in recent times.,2118
392,2025-11-02 14:05:38,Kejriwal shows great trust in recent times.,2944
393,2025-10-24 01:14:38,Citizens talk about AIADMK during meeting season.,2450
394,2025-10-27 12:50:38,Citizens talk about Modi during manifesto season.,1225
395,2025-10-28 04:36:38,Citizens talk about Modi during poll season.,23
396,2025-10-03 18:09:38,People criticize Mamata for violence issues.,404
397,2025-10-01 14:39:38,Citizens talk about AAP during discussion season.,230
398,2025-10-25 07:19:38,People criticize Congress for scandal issues.,4713
399,2025-10-19 21:28:38,Citizens talk about Stalin during speech season.,3120
400,2025-10-07 02:17:38,Citizens talk about TMC during election season.,1901
401,2025-10-25 11:41:38,Citizens talk about AIADMK during speech season.,1541
402,2025-10-07 09:12:38,BJP shows great progress in recent times.,2211
403,2025-10-14 16:35:38,Citizens talk about TMC during manifesto season.,2169
404,2025-10-15 10:07:38,People criticize Kejriwal for blame issues.,962
405,2025-10-10 15:11:38,Citizens talk about AAP during manifesto season.,436
406,2025-10-12 03:56:38,Citizens talk about Stalin during speech season.,3120
407,2025-11-03 01:43:38,People criticize BJP for protest issues.,2514
408,2025-10-17 19:44:38,Mamata shows great growth in recent times.,970
409,2025-10-16 06:12:38,DMK shows great unity in recent times.,2743
410,2025-10-03 13:37:38,Citizens talk about Modi during election season.,4233
411,2025-10-19 19:33:38,Citizens talk about BJP during rally season.,4461
412,2025-10-19 15:28:38,Citizens talk about TMC during election season.,2420
413,2025-10-29 00:44:38,BRS shows great progress in recent times.,3141
414,2025-11-02 10:56:38,Mamata shows great unity in recent times.,1030
415,2025-10-27 19:58:38,AIADMK shows great success in recent times.,338
416,2025-10-21 23:24:38,Citizens talk about UPA during discussion season.,532
417,2025-10-24 11:54:38,People criticize AAP for blame issues.,3906
418,2025-10-18 00:49:38,Citizens talk about BRS during campaign season.,521
419,2025-10-11 18:24:38,Citizens talk about BRS during party season.,823
420,2025-10-10 23:37:38,Citizens talk about AIADMK during rally season.,4916
421,2025-10-24 06:10:38,People criticize Modi for criticism issues.,2391
422,2025-10-30 20:26:38,AAP shows great unity in recent times.,4341
423,2025-10-22 18:21:38,NDA shows great stability in recent times.,1336
424,2025-10-24 23:59:38,Stalin shows great unity in recent times.,3400
425,2025-10-02 12:08:38,People criticize TMC for blame issues.,1629
426,2025-10-14 02:14:38,Citizens talk about AIADMK during election season.,497
427,2025-10-23 10:33:38,Citizens talk about Congress during vote season.,3194
428,2025-10-19 09:01:38,Citizens talk about Congress during campaign season.,2089
429,2025-10-03 22:03:38,People criticize Mamata for fraud issues.,176
430,2025-10-18 05:46:38,Citizens talk about KCR during campaign season.,351
431,2025-10-12 02:26:38,People criticize Rahul for inflation issues.,4450
432,2025-10-28 00:10:38,AAP shows great support in recent times.,959
433,2025-10-04 01:37:38,Mamata shows great support in recent times.,1446
434,2025-10-12 15:13:38,People criticize TMC for fraud issues.,1826
435,2025-11-03 02:46:38,NDA shows great success in recent times.,3960
436,2025-10-27 03:44:38,People criticize UPA for fraud issues.,2656
437,2025-11-01 05:39:38,Citizens talk about Congress during vote season.,406
438,2025-10-07 23:57:38,People criticize DMK for blame issues.,4053
439,2025-10-17 23:37:38,Congress shows great trust in recent times.,3933
440,2025-10-08 21:43:38,Citizens talk about KCR during discussion season.,4928
441,2025-10-30 05:11:38,Citizens talk about Stalin during discussion season.,2133
442,2025-11-02 22:00:38,Congress shows great stability in recent times.,2427
443,2025-10-20 13:59:38,NDA shows great success in recent times.,3102
444,2025-10-03 19:42:38,People criticize DMK for scandal issues.,3595
445,2025-10-22 00:33:38,BRS shows great trust in recent times.,2485
446,2025-10-07 11:35:38,DMK shows great success in recent times.,1181
447,2025-09-30 04:28:38,Citizens talk about DMK during meeting season.,2816
448,2025-10-08 22:45:38,People criticize Mamata for fraud issues.,2807
449,2025-10-02 05:19:38,People criticize Modi for violence issues.,738
450,2025-10-06 09:51:38,Rahul shows great trust in recent times.,1372
451,2025-10-16 07:15:38,Citizens talk about AAP during meeting season.,3104
452,2025-10-10 22:51:38,Citizens talk about KCR during campaign season.,3171
453,2025-10-23 02:25:38,People criticize Congress for protest issues.,1343
454,2025-10-05 17:35:38,Congress shows great development in recent times.,4537
455,2025-11-01 05:54:38,People criticize AIADMK for failure issues.,3945
456,2025-11-02 04:46:38,Citizens talk about BRS during manifesto season.,3977
457,2025-10-24 06:55:38,Citizens talk about DMK during meeting season.,1289
458,2025-10-26 04:08:38,People criticize TMC for scandal issues.,3328
459,2025-10-30 04:15:38,People criticize KCR for protest issues.,3910
460,2025-10-07 21:00:38,Citizens talk about DMK during poll season.,1737
461,2025-11-01 07:48:38,Citizens talk about Stalin during speech season.,3030
462,2025-10-14 22:26:38,TMC shows great vision in recent times.,2374
463,2025-10-17 08:12:38,AIADMK shows great vision in recent times.,3212
464,2025-10-29 02:13:38,Kejriwal shows great unity in recent times.,2933
465,2025-11-01 10:43:38,People criticize NDA for unemployment issues.,4331
466,2025-10-06 13:05:38,Citizens talk about Modi during party season.,1330
467,2025-10-28 13:39:38,UPA shows great progress in recent times.,388
468,2025-10-22 04:00:38,People criticize BJP for corruption issues.,1437
469,2025-10-02 22:46:38,DMK shows great unity in recent times.,3232
470,2025-10-25 07:41:38,AIADMK shows great support in recent times.,1129
471,2025-10-25 11:25:38,Citizens talk about NDA during campaign season.,639
472,2025-10-23 02:00:38,People criticize Mamata for blame issues.,2744
473,2025-10-11 10:17:38,Modi shows great progress in recent times.,1402
474,2025-10-31 03:54:38,UPA shows great support in recent times.,3387
475,2025-10-12 12:25:38,People criticize TMC for criticism issues.,40
476,2025-10-24 15:25:38,UPA shows great leadership in recent times.,3379
477,2025-10-17 16:45:38,Citizens talk about BRS during election season.,3638
478,2025-10-16 17:10:38,Citizens talk about BRS during discussion season.,4965
479,2025-11-02 23:18:38,People criticize Congress for blame issues.,4818
480,2025-10-27 08:36:38,People criticize AAP for protest issues.,3442
481,2025-10-10 23:11:38,Congress shows great support in recent times.,1493
482,2025-10-29 05:39:38,People criticize Stalin for corruption issues.,3956
483,2025-10-02 20:15:38,Citizens talk about DMK during speech season.,4212
484,2025-10-19 17:23:38,People criticize UPA for unemployment issues.,41
485,2025-10-07 13:26:38,People criticize Mamata for scandal issues.,1461
486,2025-10-03 17:42:38,People criticize BJP for protest issues.,707
487,2025-10-10 21:13:38,KCR shows great support in recent times.,1520
488,2025-10-17 11:04:38,BJP shows great success in recent times.,2257
489,2025-10-22 14:42:38,People criticize BJP for protest issues.,3415
490,2025-10-01 12:05:38,BJP shows great vision in recent times.,580
491,2025-10-18 09:07:38,People criticize Rahul for unemployment issues.,1792
492,2025-10-11 08:14:38,People criticize Modi for corruption issues.,148
493,2025-11-02 15:32:38,Citizens talk about Stalin during manifesto season.,2304
494,2025-10-19 21:39:38,People criticize BRS for fraud issues.,2695
495,2025-10-05 11:08:38,Kejriwal shows great trust in recent times.,4230
496,2025-10-17 02:15:38,Citizens talk about BJP during rally season.,2357
497,2025-10-24 20:02:38,People criticize NDA for corruption issues.,429
498,2025-10-27 06:14:38,People criticize AAP for fraud issues.,3748
499,2025-10-02 20:08:38,Congress shows great trust in recent times.,958
500,2025-10-13 04:29:38,BRS shows great success in recent times.,1904
501,2025-10-09 06:10:38,People criticize BJP for violence issues.,2042
502,2025-10-15 02:26:38,NDA shows great support in recent times.,855
503,2025-10-03 16:24:38,People criticize DMK for criticism issues.,1355
504,2025-10-22 06:44:38,People criticize AIADMK for failure issues.,157
505,2025-10-06 09:35:38,People criticize Rahul for unemployment issues.,2572
506,2025-10-05 04:01:38,Citizens talk about Mamata during discussion season.,4176
507,2025-10-18 23:15:38,BRS shows great success in recent times.,998
508,2025-10-15 22:53:38,People criticize AIADMK for violence issues.,3956
509,2025-10-31 05:07:38,People criticize DMK for blame issues.,432
510,2025-10-03 16:33:38,Stalin shows great stability in recent times.,40
511,2025-10-20 10:00:38,People criticize Mamata for corruption issues.,2201
512,2025-10-22 08:13:38,People criticize AIADMK for fraud issues.,632
513,2025-10-28 13:21:38,People criticize NDA for violence issues.,3510
514,2025-10-23 18:15:38,BRS shows great leadership in recent times.,129
515,2025-10-25 10:26:38,Mamata shows great stability in recent times.,4398
516,2025-10-14 11:41:38,People criticize AAP for blame issues.,1318
517,2025-10-24 10:40:38,People criticize BJP for fraud issues.,268
518,2025-10-26 04:52:38,People criticize BJP for violence issues.,2943
519,2025-10-23 07:12:38,Kejriwal shows great support in recent times.,1807
520,2025-10-11 10:08:38,KCR shows great support in recent times.,823
521,2025-09-30 02:17:38,Citizens talk about Stalin during manifesto season.,4815
522,2025-10-10 07:55:38,UPA shows great development in recent times.,2633
523,2025-11-01 13:49:38,People criticize DMK for protest issues.,1735
524,2025-10-21 21:10:38,TMC shows great progress in recent times.,1478
525,2025-11-02 01:23:38,Citizens talk about NDA during manifesto season.,4361
526,2025-10-01 02:48:38,BRS shows great unity in recent times.,1938
527,2025-10-22 23:35:38,People criticize Rahul for criticism issues.,1159
528,2025-10-17 15:16:38,People criticize BRS for violence issues.,735
529,2025-10-04 11:32:38,Mamata shows great leadership in recent times.,1962
530,2025-10-27 19:50:38,People criticize AAP for criticism issues.,2643
531,2025-11-03 08:10:38,Citizens talk about TMC during campaign season.,4995
532,2025-10-08 10:51:38,Citizens talk about Modi during election season.,1206
533,2025-10-29 14:00:38,AIADMK shows great leadership in recent times.,1908
534,2025-10-28 03:02:38,People criticize Kejriwal for blame issues.,3847
535,2025-10-09 17:19:38,Citizens talk about AAP during election season.,2548
536,2025-10-09 07:01:38,Citizens talk about TMC during rally season.,1463
537,2025-10-07 06:21:38,Mamata shows great development in recent times.,1012
538,2025-10-30 14:53:38,NDA shows great development in recent times.,940
539,2025-11-01 01:11:38,People criticize BRS for scandal issues.,602
540,2025-10-26 04:05:38,People criticize Modi for fraud issues.,844
541,2025-10-16 20:47:38,Citizens talk about Congress during election season.,4357
542,2025-10-14 01:26:38,KCR shows great growth in recent times.,4003
543,2025-11-02 07:53:38,Citizens talk about Kejriwal during vote season.,955
544,2025-10-27 11:03:38,People criticize Rahul for protest issues.,3846
545,2025-10-29 08:59:38,Citizens talk about BRS during campaign season.,392
546,2025-10-09 08:21:38,People criticize Congress for blame issues.,4865
547,2025-10-06 19:10:38,Citizens talk about Rahul during meeting season.,1154
548,2025-10-27 08:47:38,Citizens talk about TMC during party season.,485
549,2025-10-18 02:18:38,People criticize UPA for protest issues.,3723
550,2025-10-19 15:30:38,NDA shows great vision in recent times.,4098
551,2025-10-08 00:47:38,People criticize Kejriwal for fraud issues.,1776
552,2025-10-15 09:33:38,Stalin shows great development in recent times.,3091
553,2025-11-01 20:52:38,People criticize Stalin for blame issues.,1337
554,2025-10-17 19:19:38,Citizens talk about Congress during rally season.,811
555,2025-09-30 23:46:38,Kejriwal shows great trust in recent times.,4126
556,2025-10-02 22:00:38,Mamata shows great development in recent times.,4239
557,2025-10-27 16:33:38,Citizens talk about TMC during election season.,2542
558,2025-10-27 00:47:38,Stalin shows great vision in recent times.,1226
559,2025-10-12 09:16:38,People criticize AIADMK for inflation issues.,4773
560,2025-10-04 20:11:38,Citizens talk about KCR during rally season.,1028
561,2025-10-21 18:24:38,People criticize Rahul for unemployment issues.,3616
562,2025-11-01 00:46:38,Citizens talk about AIADMK during rally season.,1017
563,2025-10-27 19:24:38,People criticize BJP for scandal issues.,3346
564,2025-10-27 09:03:38,Citizens talk about Mamata during discussion season.,3590
565,2025-10-12 17:08:38,People criticize DMK for protest issues.,1747
566,2025-10-02 08:58:38,People criticize DMK for protest issues.,4359
567,2025-10-26 16:24:38,Citizens talk about Rahul during vote season.,4706
568,2025-10-29 04:48:38,Modi shows great trust in recent times.,3672
569,2025-10-18 11:39:38,People criticize KCR for inflation issues.,971
570,2025-10-19 09:27:38,People criticize Modi for unemployment issues.,2088
571,2025-10-16 03:41:38,People criticize UPA for scandal issues.,4254
572,2025-10-31 10:46:38,People criticize UPA for corruption issues.,3601
573,2025-10-10 04:04:38,People criticize BJP for protest issues.,2638
574,2025-10-06 01:20:38,People criticize AAP for violence issues.,4232
575,2025-10-24 17:11:38,Citizens talk about DMK during speech season.,2503
576,2025-10-20 02:52:38,Citizens talk about Congress during party season.,2884
577,2025-10-13 12:20:38,People criticize Stalin for blame issues.,4297
578,2025-10-13 08:20:38,KCR shows great unity in recent times.,4047
579,2025-10-03 12:35:38,Kejriwal shows great support in recent times.,3418
580,2025-10-24 12:10:38,People criticize TMC for violence issues.,3559
581,2025-10-16 22:41:38,People criticize BJP for criticism issues.,355
582,2025-10-18 09:42:38,Citizens talk about AAP during discussion season.,4895
583,2025-10-16 15:39:38,Citizens talk about BRS during party season.,4625
584,2025-10-14 19:29:38,BRS shows great growth in recent times.,3857
585,2025-10-21 21:04:38,People criticize Congress for scandal issues.,3200
586,2025-10-06 02:09:38,BJP shows great unity in recent times.,1557
587,2025-10-29 00:22:38,Mamata shows great progress in recent times.,4348
588,2025-10-14 19:29:38,Kejriwal shows great stability in recent times.,3131
589,2025-10-16 02:57:38,Congress shows great stability in recent times.,3463
590,2025-10-09 08:35:38,Citizens talk about Stalin during election season.,4627
591,2025-10-14 20:52:38,People criticize Stalin for unemployment issues.,1329
592,2025-09-30 09:02:38,Citizens talk about KCR during election season.,2153
593,2025-10-18 20:32:38,People criticize DMK for criticism issues.,4094
594,2025-11-02 05:16:38,People criticize Rahul for fraud issues.,671
595,2025-10-04 18:47:38,NDA shows great development in recent times.,597
596,2025-10-19 18:57:38,Citizens talk about UPA during party season.,723
597,2025-10-27 20:31:38,Kejriwal shows great unity in recent times.,4167
598,2025-10-28 17:03:38,Mamata shows great vision in recent times.,3191
599,2025-10-03 00:21:38,People criticize Rahul for criticism issues.,3314
600,2025-09-30 21:57:38,People criticize KCR for criticism issues.,4704
601,2025-10-28 21:30:38,Citizens talk about Rahul during rally season.,4878
602,2025-10-05 09:36:38,Citizens talk about Kejriwal during rally season.,1792
603,2025-10-21 18:08:38,Citizens talk about BRS during vote season.,2517
604,2025-10-20 07:20:38,Citizens talk about NDA during poll season.,3203
605,2025-10-27 07:50:38,Citizens talk about Rahul during meeting season.,4237
606,2025-11-03 13:55:38,People criticize AIADMK for failure issues.,8
607,2025-10-15 01:59:38,People criticize Mamata for corruption issues.,3800
608,2025-10-16 01:11:38,Rahul shows great stability in recent times.,4999
609,2025-10-29 11:41:38,Citizens talk about Mamata during party season.,4665
610,2025-10-27 07:48:38,Citizens talk about Congress during election season.,162
611,2025-10-30 05:37:38,Citizens talk about Mamata during speech season.,3763
612,2025-10-24 05:33:38,People criticize UPA for blame issues.,4497
613,2025-10-06 13:12:38,People criticize TMC for unemployment issues.,721
614,2025-09-30 07:22:38,People criticize BJP for protest issues.,2809
615,2025-10-10 09:36:38,Citizens talk about AAP during meeting season.,4127
616,2025-11-01 17:29:38,Citizens talk about AAP during campaign season.,4180
617,2025-10-26 03:44:38,Citizens talk about Kejriwal during party season.,2814
618,2025-10-10 20:40:38,People criticize NDA for blame issues.,870
619,2025-10-12 02:56:38,KCR shows great leadership in recent times.,2219
620,2025-11-01 19:54:38,Citizens talk about BJP during manifesto season.,523
621,2025-10-14 21:45:38,TMC shows great trust in recent times.,4865
622,2025-10-15 06:57:38,People criticize Modi for corruption issues.,4997
623,2025-10-05 04:51:38,Citizens talk about Congress during rally season.,556
624,2025-10-19 04:35:38,People criticize Congress for protest issues.,4231
625,2025-11-01 04:32:38,Citizens talk about KCR during vote season.,364
626,2025-10-03 22:10:38,Citizens talk about Rahul during rally season.,1359
627,2025-10-02 09:06:38,Citizens talk about Mamata during vote season.,3180
628,2025-09-30 15:28:38,People criticize Modi for criticism issues.,158
629,2025-10-09 19:22:38,Citizens talk about TMC during election season.,3680
630,2025-10-31 00:30:38,Citizens talk about TMC during party season.,3995
631,2025-10-08 20:56:38,Citizens talk about DMK during discussion season.,2862
632,2025-10-11 12:58:38,Citizens talk about DMK during meeting season.,2147
633,2025-10-10 23:08:38,Citizens talk about Congress during party season.,2059
634,2025-10-11 14:22:38,BJP shows great stability in recent times.,2723
635,2025-10-28 19:31:38,DMK shows great support in recent times.,3371
636,2025-10-21 13:10:38,People criticize Congress for violence issues.,2404
637,2025-10-17 20:11:38,Congress shows great trust in recent times.,3680
638,2025-10-09 05:31:38,People criticize AAP for blame issues.,4525
639,2025-10-19 01:51:38,Citizens talk about Congress during vote season.,3760
640,2025-10-09 13:06:38,Citizens talk about UPA during election season.,559
641,2025-10-10 18:38:38,AIADMK shows great development in recent times.,1983
642,2025-10-16 19:11:38,KCR shows great stability in recent times.,3345
643,2025-10-02 03:33:38,People criticize DMK for unemployment issues.,1047
644,2025-10-21 11:27:38,People criticize AIADMK for criticism issues.,3380
645,2025-10-21 10:04:38,Citizens talk about Modi during meeting season.,350
646,2025-10-24 12:10:38,Citizens talk about DMK during speech season.,4276
647,2025-10-30 22:02:38,Citizens talk about Modi during manifesto season.,3294
648,2025-10-06 09:28:38,AAP shows great stability in recent times.,4861
649,2025-10-18 03:27:38,AAP shows great development in recent times.,4366
650,2025-10-21 04:20:38,Stalin shows great leadership in recent times.,1788
651,2025-10-01 01:59:38,Citizens talk about Rahul during meeting season.,3347
652,2025-10-03 13:15:38,People criticize DMK for protest issues.,3386
653,2025-10-02 08:56:38,People criticize Modi for criticism issues.,4931
654,2025-10-04 18:40:38,Citizens talk about Mamata during discussion season.,1933
655,2025-10-11 08:38:38,People criticize Stalin for corruption issues.,2612
656,2025-10-09 11:54:38,Mamata shows great trust in recent times.,669
657,2025-11-02 10:18:38,People criticize Mamata for violence issues.,2237
658,2025-10-25 00:46:38,BJP shows great growth in recent times.,298
659,2025-10-31 19:58:38,Citizens talk about AIADMK during campaign season.,2769
660,2025-10-31 14:49:38,Modi shows great leadership in recent times.,1593
661,2025-10-19 04:18:38,Citizens talk about Congress during vote season.,3147
662,2025-10-13 09:37:38,People criticize BRS for violence issues.,4481
663,2025-10-15 13:39:38,People criticize NDA for failure issues.,446
664,2025-10-02 09:38:38,Kejriwal shows great development in recent times.,2114
665,2025-10-23 16:22:38,Citizens talk about NDA during manifesto season.,669
666,2025-10-12 07:33:38,Citizens talk about DMK during discussion season.,2670
667,2025-10-11 04:55:38,People criticize AAP for protest issues.,2268
668,2025-11-02 12:40:38,Rahul shows great progress in recent times.,105
669,2025-10-13 09:49:38,DMK shows great unity in recent times.,2900
670,2025-10-19 08:59:38,Citizens talk about Congress during manifesto season.,2101
671,2025-11-01 02:08:38,NDA shows great unity in recent times.,1144
672,2025-10-08 05:22:38,Citizens talk about UPA during party season.,2760
673,2025-10-10 01:09:38,Citizens talk about AAP during vote season.,3983
674,2025-10-14 19:20:38,KCR shows great growth in recent times.,1342
675,2025-10-10 11:06:38,AIADMK shows great stability in recent times.,2503
676,2025-10-30 14:03:38,People criticize BJP for protest issues.,2725
677,2025-10-29 00:08:38,Citizens talk about KCR during election season.,33
678,2025-10-23 10:47:38,KCR shows great stability in recent times.,876
679,2025-10-24 13:48:38,Kejriwal shows great unity in recent times.,1946
680,2025-10-05 01:13:38,TMC shows great support in recent times.,2277
681,2025-10-30 18:01:38,People criticize UPA for blame issues.,3311
682,2025-10-24 01:52:38,People criticize AIADMK for criticism issues.,470
683,2025-10-10 03:35:38,Citizens talk about Stalin during meeting season.,575
684,2025-10-08 20:29:38,Citizens talk about Congress during manifesto season.,4625
685,2025-10-23 16:55:38,People criticize UPA for corruption issues.,507
686,2025-10-02 05:42:38,People criticize Rahul for inflation issues.,709
687,2025-10-17 21:23:38,Citizens talk about AIADMK during poll season.,368
688,2025-10-11 15:41:38,UPA shows great stability in recent times.,3520
689,2025-11-02 10:28:38,People criticize KCR for inflation issues.,2354
690,2025-10-11 10:51:38,BJP shows great growth in recent times.,4445
691,2025-10-29 23:32:38,Citizens talk about Stalin during party season.,227
692,2025-11-01 12:06:38,DMK shows great progress in recent times.,4151
693,2025-10-25 05:15:38,Citizens talk about AAP during speech season.,1964
694,2025-10-24 03:11:38,DMK shows great growth in recent times.,4309
695,2025-10-03 10:43:38,Citizens talk about NDA during party season.,2593
696,2025-10-08 20:00:38,People criticize DMK for protest issues.,1673
697,2025-10-31 18:46:38,Citizens talk about BJP during campaign season.,4406
698,2025-10-09 05:33:38,Citizens talk about BJP during rally season.,513
699,2025-10-09 14:45:38,People criticize AIADMK for unemployment issues.,3571
700,2025-10-12 05:03:38,People criticize Rahul for blame issues.,1115
701,2025-10-26 07:58:38,Citizens talk about BJP during manifesto season.,4579
702,2025-10-29 11:27:38,Citizens talk about Congress during campaign season.,2689
703,2025-10-22 10:58:38,Modi shows great progress in recent times.,2430
704,2025-10-22 10:34:38,Citizens talk about NDA during speech season.,3270
705,2025-11-03 03:19:38,Citizens talk about BRS during rally season.,888
706,2025-11-01 07:04:38,BRS shows great growth in recent times.,3249
707,2025-10-11 03:57:38,Citizens talk about DMK during election season.,3514
708,2025-10-02 13:32:38,People criticize Kejriwal for unemployment issues.,2606
709,2025-10-22 08:58:38,People criticize Modi for failure issues.,587
710,2025-10-15 20:58:38,BRS shows great growth in recent times.,2484
711,2025-10-24 10:42:38,Citizens talk about KCR during speech season.,4982
712,2025-10-13 05:20:38,People criticize Modi for violence issues.,1027
713,2025-10-29 16:49:38,BJP shows great vision in recent times.,696
714,2025-10-15 10:35:38,BRS shows great support in recent times.,3032
715,2025-10-14 11:20:38,People criticize Modi for unemployment issues.,1325
716,2025-10-03 02:36:38,AAP shows great growth in recent times.,4801
717,2025-10-13 22:57:38,People criticize Modi for scandal issues.,1879
718,2025-10-13 15:31:38,Modi shows great trust in recent times.,4339
719,2025-10-14 20:38:38,Citizens talk about Rahul during discussion season.,2416
720,2025-10-05 21:17:38,AAP shows great stability in recent times.,4990
721,2025-10-06 12:51:38,Modi shows great leadership in recent times.,855
722,2025-09-30 04:30:38,Citizens talk about BRS during party season.,1742
723,2025-10-02 12:18:38,People criticize NDA for corruption issues.,4245
724,2025-10-31 03:31:38,People criticize NDA for fraud issues.,3605
725,2025-10-28 09:48:38,Citizens talk about Kejriwal during meeting season.,1436
726,2025-10-05 14:29:38,People criticize AIADMK for protest issues.,1657
727,2025-10-01 02:32:38,People criticize NDA for unemployment issues.,500
728,2025-10-29 00:06:38,Citizens talk about AAP during election season.,4539
729,2025-10-03 17:03:38,Citizens talk about TMC during speech season.,1909
730,2025-10-23 16:56:38,UPA shows great trust in recent times.,2163
731,2025-10-30 04:29:38,BRS shows great trust in recent times.,4121
732,2025-10-04 03:59:38,Citizens talk about KCR during poll season.,1465
733,2025-10-19 13:54:38,UPA shows great unity in recent times.,1410
734,2025-10-12 11:06:38,Stalin shows great support in recent times.,1864
735,2025-10-22 11:48:38,People criticize Congress for criticism issues.,4174
736,2025-10-09 17:14:38,Citizens talk about AIADMK during rally season.,4913
737,2025-10-20 07:48:38,Stalin shows great trust in recent times.,1091
738,2025-10-23 04:21:38,Citizens talk about Mamata during meeting season.,4121
739,2025-09-30 04:42:38,AIADMK shows great leadership in recent times.,3392
740,2025-10-20 23:02:38,Mamata shows great stability in recent times.,4523
741,2025-10-22 17:23:38,Citizens talk about Rahul during party season.,814
742,2025-10-15 01:25:38,BJP shows great trust in recent times.,1628
743,2025-10-10 17:13:38,Modi shows great leadership in recent times.,3609
744,2025-10-15 04:50:38,Citizens talk about BJP during meeting season.,812
745,2025-10-21 21:49:38,KCR shows great trust in recent times.,4470
746,2025-10-28 10:04:38,UPA shows great progress in recent times.,4524
747,2025-11-02 17:42:38,Citizens talk about Congress during discussion season.,1579
748,2025-10-25 08:53:38,TMC shows great leadership in recent times.,4281
749,2025-10-26 13:02:38,Citizens talk about KCR during meeting season.,3033
750,2025-09-30 04:18:38,People criticize TMC for protest issues.,2986
751,2025-11-01 05:00:38,Citizens talk about Rahul during vote season.,3143
752,2025-10-20 06:46:38,Citizens talk about Modi during discussion season.,3070
753,2025-10-20 09:06:38,Citizens talk about NDA during poll season.,4245
754,2025-10-18 00:45:38,Stalin shows great vision in recent times.,4571
755,2025-10-02 17:26:38,Citizens talk about KCR during rally season.,2531
756,2025-10-22 09:12:38,People criticize BRS for violence issues.,4039
757,2025-10-14 07:57:38,People criticize DMK for criticism issues.,2579
758,2025-10-29 06:02:38,Citizens talk about BRS during election season.,2840
759,2025-10-12 05:27:38,Citizens talk about BJP during election season.,403
760,2025-10-23 20:46:38,People criticize Modi for criticism issues.,4639
761,2025-10-06 03:50:38,People criticize Modi for unemployment issues.,88
762,2025-10-27 23:46:38,Citizens talk about Congress during discussion season.,1495
763,2025-10-11 07:12:38,People criticize NDA for violence issues.,3175
764,2025-10-30 13:55:38,Citizens talk about Kejriwal during speech season.,3774
765,2025-11-02 14:38:38,Citizens talk about KCR during manifesto season.,289
766,2025-11-02 19:04:38,BJP shows great vision in recent times.,1033
767,2025-10-20 14:19:38,Citizens talk about BRS during rally season.,3967
768,2025-10-17 07:00:38,Citizens talk about Modi during party season.,2857
769,2025-10-11 07:14:38,KCR shows great unity in recent times.,282
770,2025-10-14 10:16:38,TMC shows great leadership in recent times.,2386
771,2025-10-14 17:05:38,People criticize BRS for violence issues.,968
772,2025-10-23 15:18:38,People criticize Stalin for violence issues.,4022
773,2025-10-26 18:50:38,Citizens talk about TMC during vote season.,1733
774,2025-10-16 20:36:38,People criticize Stalin for criticism issues.,2151
775,2025-10-05 17:57:38,TMC shows great vision in recent times.,3404
776,2025-10-07 08:23:38,Kejriwal shows great stability in recent times.,4466
777,2025-09-30 07:47:38,People criticize AAP for violence issues.,3850
778,2025-10-19 06:27:38,People criticize UPA for protest issues.,4803
779,2025-10-19 21:19:38,Citizens talk about BRS during party season.,3077
780,2025-10-01 13:17:38,Citizens talk about Mamata during meeting season.,4400
781,2025-10-13 12:02:38,Modi shows great progress in recent times.,4856
782,2025-10-25 06:58:38,Citizens talk about Stalin during campaign season.,1366
783,2025-10-31 19:05:38,People criticize Kejriwal for blame issues.,1605
784,2025-10-14 15:31:38,Citizens talk about BRS during manifesto season.,916
785,2025-10-10 13:19:38,NDA shows great leadership in recent times.,3943
786,2025-10-13 01:16:38,People criticize Stalin for criticism issues.,2589
787,2025-10-17 02:41:38,Citizens talk about BJP during vote season.,4052
788,2025-10-25 20:58:38,People criticize Rahul for inflation issues.,4821
789,2025-10-04 21:14:38,Citizens talk about Stalin during rally season.,4694
790,2025-10-15 10:06:38,UPA shows great leadership in recent times.,3321
791,2025-11-02 07:52:38,AAP shows great progress in recent times.,1404
792,2025-10-12 21:05:38,People criticize NDA for inflation issues.,3374
793,2025-10-14 22:48:38,People criticize AAP for blame issues.,4575
794,2025-10-31 02:49:38,Citizens talk about AAP during speech season.,774
795,2025-11-03 13:25:38,People criticize Congress for inflation issues.,1897
796,2025-10-02 00:57:38,Stalin shows great support in recent times.,4840
797,2025-10-08 06:47:38,Mamata shows great leadership in recent times.,3898
798,2025-10-07 03:42:38,Stalin shows great vision in recent times.,159
799,2025-09-29 22:02:38,Kejriwal shows great stability in recent times.,4615
800,2025-10-29 23:22:38,People criticize Mamata for criticism issues.,632
801,2025-10-26 09:30:38,People criticize BRS for unemployment issues.,652
802,2025-10-20 02:43:38,AAP shows great development in recent times.,4741
803,2025-10-21 17:35:38,Citizens talk about KCR during manifesto season.,1347
804,2025-10-21 14:12:38,People criticize Rahul for unemployment issues.,3131
805,2025-10-29 05:05:38,Citizens talk about BRS during rally season.,1931
806,2025-11-02 23:23:38,People criticize Rahul for protest issues.,4596
807,2025-10-17 04:09:38,Citizens talk about Mamata during manifesto season.,3003
808,2025-10-07 06:05:38,Stalin shows great stability in recent times.,2891
809,2025-10-01 08:37:38,People criticize TMC for unemployment issues.,4603
810,2025-09-30 05:50:38,Citizens talk about BJP during discussion season.,4668
811,2025-10-13 19:35:38,Citizens talk about Modi during campaign season.,815
812,2025-10-29 01:14:38,Kejriwal shows great growth in recent times.,221
813,2025-10-17 23:55:38,Mamata shows great stability in recent times.,4199
814,2025-10-02 21:40:38,People criticize Stalin for blame issues.,4068
815,2025-10-22 06:57:38,Citizens talk about TMC during discussion season.,4897
816,2025-10-07 16:08:38,Citizens talk about Mamata during meeting season.,1273
817,2025-10-08 13:04:38,NDA shows great stability in recent times.,3972
818,2025-10-18 10:43:38,People criticize AAP for criticism issues.,761
819,2025-09-30 00:26:38,People criticize Stalin for violence issues.,3178
820,2025-10-28 13:28:38,People criticize KCR for violence issues.,590
821,2025-10-25 00:50:38,People criticize AIADMK for unemployment issues.,1287
822,2025-10-31 21:35:38,NDA shows great growth in recent times.,3456
823,2025-09-30 07:13:38,People criticize KCR for corruption issues.,3777
824,2025-10-21 19:44:38,People criticize DMK for corruption issues.,2543
825,2025-11-02 19:48:38,People criticize KCR for blame issues.,4871
826,2025-11-03 11:48:38,Citizens talk about AIADMK during rally season.,2158
827,2025-10-25 18:18:38,BRS shows great unity in recent times.,2105
828,2025-10-05 09:02:38,Citizens talk about BRS during vote season.,2801
829,2025-10-20 01:29:38,Citizens talk about Stalin during vote season.,2786
830,2025-10-09 04:23:38,AIADMK shows great trust in recent times.,1386
831,2025-10-22 07:56:38,Citizens talk about UPA during campaign season.,1972
832,2025-10-14 09:56:38,Citizens talk about AIADMK during poll season.,651
833,2025-10-04 20:04:38,Citizens talk about Congress during meeting season.,2142
834,2025-10-24 20:28:38,Citizens talk about TMC during rally season.,1953
835,2025-10-13 02:06:38,BRS shows great growth in recent times.,222
836,2025-10-30 09:55:38,Mamata shows great development in recent times.,2325
837,2025-10-01 13:52:38,Kejriwal shows great progress in recent times.,2268
838,2025-09-30 07:13:38,Citizens talk about Rahul during poll season.,3341
839,2025-10-16 07:00:38,Rahul shows great trust in recent times.,3394
840,2025-10-19 05:20:38,People criticize DMK for inflation issues.,3944
841,2025-10-10 21:09:38,Citizens talk about NDA during campaign season.,2167
842,2025-10-21 09:11:38,Citizens talk about DMK during campaign season.,459
843,2025-10-18 09:30:38,Citizens talk about Rahul during meeting season.,1173
844,2025-10-23 18:49:38,People criticize Stalin for violence issues.,2190
845,2025-09-30 05:53:38,People criticize AIADMK for scandal issues.,4037
846,2025-10-23 00:33:38,Citizens talk about Kejriwal during discussion season.,3710
847,2025-09-30 18:52:38,Kejriwal shows great development in recent times.,1400
848,2025-10-24 23:12:38,Citizens talk about UPA during campaign season.,2857
849,2025-10-28 00:19:38,BRS shows great leadership in recent times.,2764
850,2025-10-20 17:22:38,AAP shows great vision in recent times.,1827
851,2025-10-12 15:32:38,Stalin shows great progress in recent times.,4942
852,2025-10-27 10:23:38,People criticize UPA for protest issues.,4876
853,2025-10-19 06:34:38,Citizens talk about BJP during campaign season.,642
854,2025-10-07 00:56:38,People criticize Rahul for inflation issues.,1679
855,2025-11-01 21:40:38,Mamata shows great progress in recent times.,1760
856,2025-10-21 00:18:38,Citizens talk about BJP during discussion season.,3519
857,2025-10-15 21:26:38,Citizens talk about AAP during discussion season.,1052
858,2025-10-17 15:47:38,BJP shows great stability in recent times.,2522
859,2025-10-14 03:58:38,People criticize BRS for corruption issues.,3242
860,2025-10-12 12:39:38,People criticize NDA for blame issues.,4836
861,2025-10-13 03:01:38,People criticize AAP for inflation issues.,3284
862,2025-10-01 20:30:38,Citizens talk about Modi during poll season.,4214
863,2025-10-10 11:24:38,Citizens talk about BJP during vote season.,930
864,2025-09-30 16:17:38,Mamata shows great development in recent times.,3375
865,2025-10-11 14:56:38,Citizens talk about Stalin during poll season.,266
866,2025-10-03 12:51:38,KCR shows great progress in recent times.,1040
867,2025-10-18 01:56:38,People criticize Modi for failure issues.,924
868,2025-10-14 04:59:38,People criticize Modi for corruption issues.,4849
869,2025-10-24 05:14:38,People criticize NDA for failure issues.,4186
870,2025-10-19 08:34:38,NDA shows great growth in recent times.,212
871,2025-10-10 11:27:38,People criticize Modi for fraud issues.,550
872,2025-10-06 19:00:38,BRS shows great support in recent times.,4693
873,2025-11-03 08:21:38,People criticize DMK for protest issues.,2004
874,2025-10-23 05:41:38,People criticize Rahul for fraud issues.,3581
875,2025-10-01 06:28:38,Citizens talk about Modi during vote season.,4332
876,2025-10-16 19:20:38,People criticize Modi for corruption issues.,813
877,2025-10-07 21:34:38,People criticize UPA for fraud issues.,826
878,2025-10-04 09:17:38,Citizens talk about AIADMK during election season.,3563
879,2025-10-31 08:19:38,Citizens talk about Mamata during manifesto season.,4100
880,2025-10-28 20:55:38,AAP shows great stability in recent times.,4004
881,2025-10-14 21:17:38,AAP shows great unity in recent times.,4719
882,2025-10-26 22:27:38,Citizens talk about UPA during election season.,1273
883,2025-10-13 16:26:38,People criticize Congress for blame issues.,1408
884,2025-10-14 08:37:38,Citizens talk about Modi during rally season.,1837
885,2025-10-12 19:04:38,People criticize NDA for fraud issues.,2369
886,2025-10-14 17:08:38,Citizens talk about UPA during speech season.,1391
887,2025-10-10 09:55:38,NDA shows great success in recent times.,3014
888,2025-10-30 12:33:38,Citizens talk about Modi during rally season.,344
889,2025-10-17 15:54:38,Rahul shows great trust in recent times.,3893
890,2025-10-25 01:28:38,Citizens talk about Stalin during manifesto season.,1713
891,2025-10-08 23:59:38,Citizens talk about AIADMK during meeting season.,3616
892,2025-10-06 09:09:38,People criticize AIADMK for unemployment issues.,2438
893,2025-09-30 00:07:38,KCR shows great growth in recent times.,4664
894,2025-10-03 06:37:38,People criticize DMK for criticism issues.,2467
895,2025-10-26 11:38:38,DMK shows great development in recent times.,3129
896,2025-10-25 09:14:38,Citizens talk about BJP during rally season.,1684
897,2025-10-21 18:30:38,Citizens talk about BRS during manifesto season.,3773
898,2025-10-30 00:18:38,Citizens talk about KCR during poll season.,94
899,2025-10-02 20:13:38,Mamata shows great success in recent times.,687
900,2025-10-15 12:08:38,Citizens talk about AAP during manifesto season.,2294
901,2025-10-11 12:44:38,Kejriwal shows great development in recent times.,1828
902,2025-10-05 01:36:38,BRS shows great stability in recent times.,1040
903,2025-10-24 15:38:38,People criticize BJP for unemployment issues.,2219
904,2025-10-04 09:19:38,Kejriwal shows great progress in recent times.,3863
905,2025-10-23 05:42:38,Citizens talk about AAP during discussion season.,967
906,2025-10-18 13:43:38,Citizens talk about Congress during party season.,3
907,2025-10-13 06:44:38,People criticize Kejriwal for corruption issues.,3234
908,2025-10-20 12:09:38,People criticize Stalin for unemployment issues.,4508
909,2025-10-12 23:36:38,People criticize Rahul for criticism issues.,1620
910,2025-10-08 01:55:38,Citizens talk about DMK during party season.,56
911,2025-11-02 17:25:38,TMC shows great vision in recent times.,1865
912,2025-11-01 17:33:38,Citizens talk about KCR during campaign season.,3945
913,2025-10-02 14:33:38,AIADMK shows great success in recent times.,4553
914,2025-10-09 11:55:38,People criticize Stalin for blame issues.,1206
915,2025-10-18 04:23:38,TMC shows great trust in recent times.,3102
916,2025-10-02 14:45:38,People criticize BJP for unemployment issues.,4088
917,2025-10-05 23:41:38,People criticize Stalin for fraud issues.,1000
918,2025-10-27 12:18:38,BRS shows great progress in recent times.,3712
919,2025-10-22 08:15:38,People criticize Congress for violence issues.,2561
920,2025-10-08 05:13:38,BRS shows great trust in recent times.,723
921,2025-10-23 14:36:38,Citizens talk about UPA during rally season.,2740
922,2025-10-02 11:22:38,Rahul shows great support in recent times.,1686
923,2025-10-31 05:32:38,People criticize Stalin for violence issues.,2919
924,2025-10-15 10:26:38,People criticize NDA for fraud issues.,4526
925,2025-10-18 12:22:38,Citizens talk about BRS during campaign season.,3331
926,2025-11-01 20:31:38,People criticize Stalin for criticism issues.,4294
927,2025-11-02 16:06:38,AIADMK shows great growth in recent times.,1672
928,2025-09-30 09:38:38,Citizens talk about AIADMK during discussion season.,2679
929,2025-10-29 06:01:38,Stalin shows great leadership in recent times.,2998
930,2025-10-11 12:52:38,Rahul shows great support in recent times.,3907
931,2025-10-10 22:21:38,People criticize DMK for corruption issues.,528
932,2025-11-01 12:57:38,People criticize Rahul for corruption issues.,3308
933,2025-10-30 16:05:38,People criticize BRS for failure issues.,2929
934,2025-10-10 01:36:38,People criticize Modi for corruption issues.,23
935,2025-09-29 21:36:38,People criticize TMC for blame issues.,4734
936,2025-10-10 02:15:38,People criticize Kejriwal for violence issues.,2062
937,2025-10-27 20:01:38,People criticize DMK for scandal issues.,181
938,2025-10-27 08:17:38,People criticize DMK for failure issues.,2564
939,2025-10-29 18:13:38,Mamata shows great unity in recent times.,3026
940,2025-10-05 11:27:38,People criticize AAP for corruption issues.,1505
941,2025-10-21 16:18:38,Congress shows great trust in recent times.,4730
942,2025-10-13 16:34:38,UPA shows great vision in recent times.,4718
943,2025-10-13 11:08:38,People criticize Stalin for criticism issues.,2740
944,2025-10-09 08:07:38,Stalin shows great support in recent times.,1755
945,2025-10-21 15:41:38,BJP shows great progress in recent times.,4437
946,2025-10-04 01:18:38,NDA shows great progress in recent times.,18
947,2025-10-24 23:04:38,People criticize Rahul for scandal issues.,2629
948,2025-10-03 03:15:38,TMC shows great unity in recent times.,2637
949,2025-10-03 01:22:38,Rahul shows great unity in recent times.,3684
950,2025-10-29 02:19:38,Citizens talk about Stalin during campaign season.,1617
951,2025-10-17 03:02:38,Citizens talk about AIADMK during discussion season.,1710
952,2025-10-29 07:23:38,DMK shows great development in recent times.,1772
953,2025-09-30 18:35:38,Citizens talk about Rahul during party season.,32
954,2025-11-03 05:28:38,Congress shows great growth in recent times.,1368
955,2025-10-28 15:40:38,People criticize Stalin for unemployment issues.,4773
956,2025-10-08 22:33:38,Citizens talk about DMK during rally season.,3828
957,2025-10-26 18:26:38,Citizens talk about AAP during meeting season.,832
958,2025-10-19 20:44:38,BJP shows great vision in recent times.,4006
959,2025-10-18 11:17:38,Citizens talk about UPA during speech season.,4163
960,2025-10-26 01:02:38,Citizens talk about BJP during discussion season.,3394
961,2025-10-05 13:26:38,People criticize TMC for protest issues.,3390
962,2025-11-03 00:38:38,People criticize TMC for failure issues.,1337
963,2025-10-03 18:23:38,Citizens talk about AAP during discussion season.,748
964,2025-10-15 08:55:38,Citizens talk about KCR during discussion season.,2929
965,2025-10-26 19:44:38,UPA shows great trust in recent times.,1611
966,2025-11-03 10:29:38,Kejriwal shows great support in recent times.,2775
967,2025-10-13 07:02:38,UPA shows great vision in recent times.,171
968,2025-10-08 09:25:38,People criticize UPA for violence issues.,841
969,2025-10-17 19:56:38,People criticize NDA for scandal issues.,267
970,2025-10-03 04:33:38,UPA shows great support in recent times.,3698
971,2025-11-01 14:30:38,NDA shows great trust in recent times.,1604
972,2025-10-20 17:39:38,Citizens talk about Kejriwal during party season.,4116
973,2025-10-08 19:33:38,People criticize Rahul for violence issues.,784
974,2025-10-27 11:10:38,Mamata shows great growth in recent times.,4387
975,2025-09-30 02:25:38,Citizens talk about Stalin during rally season.,4156
976,2025-10-30 03:58:38,Citizens talk about Rahul during vote season.,4702
977,2025-10-07 05:09:38,Citizens talk about AAP during campaign season.,1680
978,2025-10-03 16:10:38,Mamata shows great vision in recent times.,3746
979,2025-10-04 21:52:38,Citizens talk about AAP during election season.,514
980,2025-10-07 14:13:38,People criticize DMK for failure issues.,822
981,2025-10-30 23:44:38,Citizens talk about AAP during poll season.,3877
982,2025-10-17 23:44:38,BRS shows great support in recent times.,2823
983,2025-10-28 09:10:38,People criticize AIADMK for scandal issues.,2478
984,2025-10-28 01:53:38,People criticize BRS for failure issues.,4378
985,2025-10-06 05:56:38,NDA shows great growth in recent times.,2261
986,2025-10-01 19:53:38,Citizens talk about UPA during party season.,3355
987,2025-10-22 12:20:38,NDA shows great unity in recent times.,2352
988,2025-10-13 21:07:38,People criticize Congress for violence issues.,1361
989,2025-10-18 17:40:38,Mamata shows great development in recent times.,1227
990,2025-10-22 07:13:38,Citizens talk about BRS during meeting season.,551
991,2025-10-11 22:32:38,People criticize Modi for protest issues.,2362
992,2025-10-17 06:34:38,People criticize Rahul for failure issues.,3634
993,2025-10-09 08:33:38,People criticize Kejriwal for violence issues.,2692
994,2025-10-06 03:32:38,People criticize TMC for unemployment issues.,4204
995,2025-10-24 16:48:38,People criticize UPA for protest issues.,4065
996,2025-10-07 01:58:38,People criticize BRS for criticism issues.,4167
997,2025-10-01 23:10:38,Modi shows great growth in recent times.,552
998,2025-10-08 10:07:38,Mamata shows great unity in recent times.,3947
999,2025-10-24 11:33:38,Citizens talk about Rahul during meeting season.,3648
1000,2025-10-16 08:17:38,Citizens talk about KCR during manifesto season.,2150
